employment_id,trainee_id,claim_id,employer_id,employer_name,occupation,employment_type,start_date,end_date,data_source,verification_status
EMP0001,KT0001,CLM0001,E001,ABC Electricals,Electrician,EMPLOYED,2026-04-15,,AUTHORIZED_SOURCE,VERIFIED
EMP0002,KT0002,CLM0002,E002,XYZ Manufacturing,Solar PV Installer,EMPLOYED,2026-04-15,,USER_REPORTED,REPORTED
EMP0003,KT0003,CLM0003,E003,Coastal Solar Pvt Ltd,Data Entry Operator,EMPLOYED,2026-04-15,,AUTHORIZED_SOURCE,VERIFIED
EMP0004,KT0004,CLM0004,E004,Konkan Retail,Sales Associate,EMPLOYED,2026-04-15,2026-08-15,AUTHORIZED_SOURCE,VERIFIED
EMP0005,KT0005,CLM0005,E005,HealthFirst Services,Healthcare Assistant,EMPLOYED,2026-04-15,,AUTHORIZED_SOURCE,VERIFIED
EMP0006,KT0006,CLM0006,E006,Western Weldworks,Welder,EMPLOYED,2026-04-15,,AUTHORIZED_SOURCE,VERIFIED
EMP0007,KT0007,CLM0007,E007,Goa Digital Services,Beauty Therapist,EMPLOYED,2026-04-15,,AUTHORIZED_SOURCE,VERIFIED
EMP0008,KT0008,CLM0008,E008,GreenGrid Energy,Food Processing Operator,EMPLOYED,2026-04-15,,USER_REPORTED,REPORTED
EMP0009,KT0011,CLM0011,E011,Daman Industrial Works,Data Entry Operator,APPRENTICESHIP,2026-04-15,2026-08-31,AUTHORIZED_SOURCE,VERIFIED
EMP0010,KT0012,CLM0012,E012,SkillBridge Services,Sales Associate,EMPLOYED,2026-04-15,2026-08-15,AUTHORIZED_SOURCE,VERIFIED
EMP0011,KT0013,CLM0013,E001,ABC Electricals,Healthcare Assistant,EMPLOYED,2026-04-15,,AUTHORIZED_SOURCE,VERIFIED
EMP0012,KT0017,CLM0017,E005,HealthFirst Services,Electrician,EMPLOYED,2026-04-15,,AUTHORIZED_SOURCE,VERIFIED
EMP0013,KT0018,CLM0018,E006,Western Weldworks,Solar PV Installer,EMPLOYED,2026-04-15,,USER_REPORTED,REPORTED
EMP0014,KT0021,CLM0021,E009,Mangaluru FoodWorks,Healthcare Assistant,EMPLOYED,2026-04-15,,AUTHORIZED_SOURCE,VERIFIED
EMP0015,KT0022,CLM0022,E010,Urban Beauty Studio,Welder,EMPLOYED,2026-04-15,,AUTHORIZED_SOURCE,VERIFIED
EMP0016,KT0024,CLM0024,E012,SkillBridge Services,Food Processing Operator,APPRENTICESHIP,2026-04-15,,AUTHORIZED_SOURCE,VERIFIED
EMP0017,KT0028,CLM0028,E004,Konkan Retail,Sales Associate,EMPLOYED,2026-04-15,,AUTHORIZED_SOURCE,VERIFIED
EMP0018,KT0029,CLM0029,E005,HealthFirst Services,Healthcare Assistant,EMPLOYED,2026-04-15,,AUTHORIZED_SOURCE,VERIFIED
EMP0019,KT0031,CLM0031,E007,Goa Digital Services,Beauty Therapist,APPRENTICESHIP,2026-04-15,,AUTHORIZED_SOURCE,VERIFIED
EMP0020,KT0035,CLM0035,E011,Daman Industrial Works,Data Entry Operator,EMPLOYED,2026-04-15,,AUTHORIZED_SOURCE,VERIFIED
EMP0021,KT0036,CLM0036,E012,SkillBridge Services,Sales Associate,EMPLOYED,2026-04-15,,AUTHORIZED_SOURCE,VERIFIED
EMP0022,KT0038,CLM0038,E002,XYZ Manufacturing,Welder,APPRENTICESHIP,2026-04-15,,AUTHORIZED_SOURCE,VERIFIED
EMP0023,KT0042,CLM0042,E006,Western Weldworks,Solar PV Installer,EMPLOYED,2026-04-15,,AUTHORIZED_SOURCE,VERIFIED
EMP0024,KT0043,CLM0043,E007,Goa Digital Services,Data Entry Operator,EMPLOYED,2026-04-15,,AUTHORIZED_SOURCE,VERIFIED
EMP0025,KT0045,CLM0045,E009,Mangaluru FoodWorks,Healthcare Assistant,APPRENTICESHIP,2026-04-15,,AUTHORIZED_SOURCE,VERIFIED
EMP0026,KT0049,CLM0049,E001,ABC Electricals,Electrician,EMPLOYED,2026-04-15,,AUTHORIZED_SOURCE,VERIFIED
EMP0027,KT0050,CLM0050,E002,XYZ Manufacturing,Solar PV Installer,EMPLOYED,2026-04-15,,AUTHORIZED_SOURCE,VERIFIED
EMP0028,KT0052,CLM0052,E004,Konkan Retail,Sales Associate,APPRENTICESHIP,2026-04-15,,AUTHORIZED_SOURCE,VERIFIED
EMP0029,KT0056,CLM0056,E008,GreenGrid Energy,Food Processing Operator,EMPLOYED,2026-04-15,,AUTHORIZED_SOURCE,VERIFIED
EMP0030,KT0057,CLM0057,E009,Mangaluru FoodWorks,Electrician,EMPLOYED,2026-04-15,,AUTHORIZED_SOURCE,VERIFIED
EMP0031,KT0059,CLM0059,E011,Daman Industrial Works,Data Entry Operator,APPRENTICESHIP,2026-04-15,,AUTHORIZED_SOURCE,VERIFIED
EMP0032,KT0063,CLM0063,E003,Coastal Solar Pvt Ltd,Beauty Therapist,EMPLOYED,2026-04-15,,AUTHORIZED_SOURCE,VERIFIED
EMP0033,KT0064,CLM0064,E004,Konkan Retail,Food Processing Operator,EMPLOYED,2026-04-15,,AUTHORIZED_SOURCE,VERIFIED
EMP0034,KT0066,CLM0066,E006,Western Weldworks,Solar PV Installer,APPRENTICESHIP,2026-04-15,,AUTHORIZED_SOURCE,VERIFIED
EMP0035,KT0070,CLM0070,E010,Urban Beauty Studio,Welder,EMPLOYED,2026-04-15,,AUTHORIZED_SOURCE,VERIFIED
EMP0036,KT0071,CLM0071,E011,Daman Industrial Works,Beauty Therapist,EMPLOYED,2026-04-15,,AUTHORIZED_SOURCE,VERIFIED
EMP0037,KT0073,CLM0073,E001,ABC Electricals,Electrician,APPRENTICESHIP,2026-04-15,,AUTHORIZED_SOURCE,VERIFIED
EMP0038,KT0077,CLM0077,E005,HealthFirst Services,Healthcare Assistant,EMPLOYED,2026-04-15,,AUTHORIZED_SOURCE,VERIFIED
EMP0039,KT0078,CLM0078,E006,Western Weldworks,Welder,EMPLOYED,2026-04-15,,AUTHORIZED_SOURCE,VERIFIED
EMP0040,KT0080,CLM0080,E008,GreenGrid Energy,Food Processing Operator,APPRENTICESHIP,2026-04-15,,AUTHORIZED_SOURCE,VERIFIED
EMP0041,KT0084,CLM0084,E012,SkillBridge Services,Sales Associate,EMPLOYED,2026-04-15,,AUTHORIZED_SOURCE,VERIFIED
EMP0042,KT0085,CLM0085,E001,ABC Electricals,Healthcare Assistant,EMPLOYED,2026-04-15,,AUTHORIZED_SOURCE,VERIFIED
EMP0043,KT0087,CLM0087,E003,Coastal Solar Pvt Ltd,Beauty Therapist,APPRENTICESHIP,2026-04-15,,AUTHORIZED_SOURCE,VERIFIED
EMP0044,KT0091,CLM0091,E007,Goa Digital Services,Data Entry Operator,EMPLOYED,2026-04-15,,AUTHORIZED_SOURCE,VERIFIED
EMP0045,KT0092,CLM0092,E008,GreenGrid Energy,Sales Associate,EMPLOYED,2026-04-15,,AUTHORIZED_SOURCE,VERIFIED
EMP0046,KT0094,CLM0094,E010,Urban Beauty Studio,Welder,APPRENTICESHIP,2026-04-15,,AUTHORIZED_SOURCE,VERIFIED
EMP0047,KT0098,CLM0098,E002,XYZ Manufacturing,Solar PV Installer,EMPLOYED,2026-04-15,,AUTHORIZED_SOURCE,VERIFIED
EMP0048,KT0099,CLM0099,E003,Coastal Solar Pvt Ltd,Data Entry Operator,EMPLOYED,2026-04-15,,AUTHORIZED_SOURCE,VERIFIED
EMP0049,KT0011,CLM0011,E011,Daman Industrial Works,Data Entry Operator,EMPLOYED,2026-09-01,,AUTHORIZED_SOURCE,VERIFIED
EMP0050,KT0004,CLM0004,E012,SkillBridge Services,Sales Associate,EMPLOYED,2026-12-01,,AUTHORIZED_SOURCE,VERIFIED
EMP0051,KT0012,CLM0012,E003,Coastal Solar Pvt Ltd,Data Entry Operator,EMPLOYED,2026-11-01,,AUTHORIZED_SOURCE,VERIFIED