evidence_id,claim_id,evidence_type,source_name,evidence_result,evidence_date
EV00001,CLM0001,EMPLOYMENT_DB,Employment Db,SUPPORTS,2026-07-15
EV00002,CLM0001,EMPLOYER,Employer,SUPPORTS,2026-07-15
EV00003,CLM0001,WAGE_DB,Wage Db,SUPPORTS,2026-07-15
EV00004,CLM0002,TRAINING_DB,Training Db,SUPPORTS,2026-07-15
EV00005,CLM0002,EMPLOYMENT_DB,Employment Db,NO_SIGNAL,2026-07-15
EV00006,CLM0003,TRAINING_DB,Training Db,NO_SIGNAL,2026-07-15
EV00007,CLM0003,EMPLOYMENT_DB,Employment Db,NO_SIGNAL,2026-07-15
EV00008,CLM0003,WAGE_DB,Wage Db,NO_SIGNAL,2026-07-15
EV00009,CLM0004,EMPLOYMENT_DB,Employment Db,NO_SIGNAL,2026-07-15
EV00010,CLM0004,EMPLOYER,Employer,SUPPORTS,2026-07-15
EV00011,CLM0005,EMPLOYMENT_DB,Employment Db,NO_SIGNAL,2026-07-15
EV00012,CLM0005,EMPLOYER,Employer,CONTRADICTS,2026-07-15
EV00013,CLM0006,EMPLOYMENT_DB,Employment Db,SUPPORTS,2026-07-15
EV00014,CLM0006,EMPLOYER,Employer,SUPPORTS,2026-07-15
EV00015,CLM0007,EMPLOYMENT_DB,Employment Db,SUPPORTS,2026-07-15
EV00016,CLM0007,EMPLOYER,Employer,CONTRADICTS,2026-07-15
EV00017,CLM0008,EMPLOYMENT_DB,Employment Db,NO_SIGNAL,2026-07-15
EV00018,CLM0008,EMPLOYER,Employer,NO_SIGNAL,2026-07-15
EV00019,CLM0008,TRAINEE,Trainee,SUPPORTS,2026-07-15
EV00020,CLM0009,EMPLOYMENT_DB,Employment Db,NO_SIGNAL,2026-07-15
EV00021,CLM0009,EMPLOYER,Employer,NO_SIGNAL,2026-07-15
EV00022,CLM0009,TRAINEE,Trainee,NO_SIGNAL,2026-07-15
EV00023,CLM0009,ASSISTED,Assisted,NO_SIGNAL,2026-07-15
EV00024,CLM0010,EMPLOYMENT_DB,Employment Db,NO_SIGNAL,2026-07-15
EV00025,CLM0010,TRAINEE,Trainee,SUPPORTS,2026-07-15
EV00026,CLM0011,EMPLOYMENT_DB,Employment Db,SUPPORTS,2026-07-15
EV00027,CLM0011,EMPLOYER,Employer,SUPPORTS,2026-07-15
EV00028,CLM0012,EMPLOYMENT_DB,Employment Db,SUPPORTS,2026-07-15
EV00029,CLM0013,EMPLOYMENT_DB,Employment Db,SUPPORTS,2026-07-15
EV00030,CLM0014,EMPLOYMENT_DB,Employment Db,NO_SIGNAL,2026-07-15
EV00031,CLM0015,EDUCATION_SOURCE,Education Source,SUPPORTS,2026-07-15
EV00032,CLM0016,EMPLOYMENT_DB,Employment Db,NO_SIGNAL,2026-07-15
EV00033,CLM0017,EMPLOYMENT_DB,Employment Db,SUPPORTS,2026-07-15
EV00034,CLM0018,EMPLOYMENT_DB,Employment Db,SUPPORTS,2026-07-15
EV00035,CLM0019,EMPLOYMENT_DB,Employment Db,NO_SIGNAL,2026-07-15
EV00036,CLM0020,EMPLOYMENT_DB,Employment Db,NO_SIGNAL,2026-07-15
EV00037,CLM0021,EMPLOYMENT_DB,Employment Db,SUPPORTS,2026-07-15
EV00038,CLM0022,EMPLOYMENT_DB,Employment Db,SUPPORTS,2026-07-15
EV00039,CLM0023,EMPLOYMENT_DB,Employment Db,NO_SIGNAL,2026-07-15
EV00040,CLM0024,EMPLOYMENT_DB,Employment Db,NO_SIGNAL,2026-07-15
EV00041,CLM0025,EMPLOYMENT_DB,Employment Db,NO_SIGNAL,2026-07-15
EV00042,CLM0026,EMPLOYMENT_DB,Employment Db,NO_SIGNAL,2026-07-15
EV00043,CLM0027,EMPLOYMENT_DB,Employment Db,NO_SIGNAL,2026-07-15
EV00044,CLM0028,EMPLOYMENT_DB,Employment Db,SUPPORTS,2026-07-15
EV00045,CLM0029,EMPLOYMENT_DB,Employment Db,SUPPORTS,2026-07-15
EV00046,CLM0030,EMPLOYMENT_DB,Employment Db,NO_SIGNAL,2026-07-15
EV00047,CLM0031,EMPLOYMENT_DB,Employment Db,NO_SIGNAL,2026-07-15
EV00048,CLM0032,EMPLOYMENT_DB,Employment Db,NO_SIGNAL,2026-07-15
EV00049,CLM0033,EMPLOYMENT_DB,Employment Db,NO_SIGNAL,2026-07-15
EV00050,CLM0034,EMPLOYMENT_DB,Employment Db,NO_SIGNAL,2026-07-15
EV00051,CLM0035,EMPLOYMENT_DB,Employment Db,SUPPORTS,2026-07-15
EV00052,CLM0036,EMPLOYMENT_DB,Employment Db,SUPPORTS,2026-07-15
EV00053,CLM0037,EMPLOYMENT_DB,Employment Db,NO_SIGNAL,2026-07-15
EV00054,CLM0038,EMPLOYMENT_DB,Employment Db,NO_SIGNAL,2026-07-15
EV00055,CLM0039,EMPLOYMENT_DB,Employment Db,NO_SIGNAL,2026-07-15
EV00056,CLM0040,EMPLOYMENT_DB,Employment Db,NO_SIGNAL,2026-07-15
EV00057,CLM0041,EMPLOYMENT_DB,Employment Db,NO_SIGNAL,2026-07-15
EV00058,CLM0042,EMPLOYMENT_DB,Employment Db,SUPPORTS,2026-07-15
EV00059,CLM0043,EMPLOYMENT_DB,Employment Db,SUPPORTS,2026-07-15
EV00060,CLM0044,EMPLOYMENT_DB,Employment Db,NO_SIGNAL,2026-07-15
EV00061,CLM0045,EMPLOYMENT_DB,Employment Db,NO_SIGNAL,2026-07-15
EV00062,CLM0046,EMPLOYMENT_DB,Employment Db,NO_SIGNAL,2026-07-15
EV00063,CLM0047,EMPLOYMENT_DB,Employment Db,NO_SIGNAL,2026-07-15
EV00064,CLM0048,EMPLOYMENT_DB,Employment Db,NO_SIGNAL,2026-07-15
EV00065,CLM0049,EMPLOYMENT_DB,Employment Db,SUPPORTS,2026-07-15
EV00066,CLM0050,EMPLOYMENT_DB,Employment Db,SUPPORTS,2026-07-15
EV00067,CLM0051,EMPLOYMENT_DB,Employment Db,NO_SIGNAL,2026-07-15
EV00068,CLM0052,EMPLOYMENT_DB,Employment Db,NO_SIGNAL,2026-07-15
EV00069,CLM0053,EMPLOYMENT_DB,Employment Db,NO_SIGNAL,2026-07-15
EV00070,CLM0054,EMPLOYMENT_DB,Employment Db,NO_SIGNAL,2026-07-15
EV00071,CLM0055,EMPLOYMENT_DB,Employment Db,NO_SIGNAL,2026-07-15
EV00072,CLM0056,EMPLOYMENT_DB,Employment Db,SUPPORTS,2026-07-15
EV00073,CLM0057,EMPLOYMENT_DB,Employment Db,SUPPORTS,2026-07-15
EV00074,CLM0058,EMPLOYMENT_DB,Employment Db,NO_SIGNAL,2026-07-15
EV00075,CLM0059,EMPLOYMENT_DB,Employment Db,NO_SIGNAL,2026-07-15
EV00076,CLM0060,EMPLOYMENT_DB,Employment Db,NO_SIGNAL,2026-07-15
EV00077,CLM0061,EMPLOYMENT_DB,Employment Db,NO_SIGNAL,2026-07-15
EV00078,CLM0062,EMPLOYMENT_DB,Employment Db,NO_SIGNAL,2026-07-15
EV00079,CLM0063,EMPLOYMENT_DB,Employment Db,SUPPORTS,2026-07-15
EV00080,CLM0064,EMPLOYMENT_DB,Employment Db,SUPPORTS,2026-07-15
EV00081,CLM0065,EMPLOYMENT_DB,Employment Db,NO_SIGNAL,2026-07-15
EV00082,CLM0066,EMPLOYMENT_DB,Employment Db,NO_SIGNAL,2026-07-15
EV00083,CLM0067,EMPLOYMENT_DB,Employment Db,NO_SIGNAL,2026-07-15
EV00084,CLM0068,EMPLOYMENT_DB,Employment Db,NO_SIGNAL,2026-07-15
EV00085,CLM0069,EMPLOYMENT_DB,Employment Db,NO_SIGNAL,2026-07-15
EV00086,CLM0070,EMPLOYMENT_DB,Employment Db,SUPPORTS,2026-07-15
EV00087,CLM0071,EMPLOYMENT_DB,Employment Db,SUPPORTS,2026-07-15
EV00088,CLM0072,EMPLOYMENT_DB,Employment Db,NO_SIGNAL,2026-07-15
EV00089,CLM0073,EMPLOYMENT_DB,Employment Db,NO_SIGNAL,2026-07-15
EV00090,CLM0074,EMPLOYMENT_DB,Employment Db,NO_SIGNAL,2026-07-15
EV00091,CLM0075,EMPLOYMENT_DB,Employment Db,NO_SIGNAL,2026-07-15
EV00092,CLM0076,EMPLOYMENT_DB,Employment Db,NO_SIGNAL,2026-07-15
EV00093,CLM0077,EMPLOYMENT_DB,Employment Db,SUPPORTS,2026-07-15
EV00094,CLM0078,EMPLOYMENT_DB,Employment Db,SUPPORTS,2026-07-15
EV00095,CLM0079,EMPLOYMENT_DB,Employment Db,NO_SIGNAL,2026-07-15
EV00096,CLM0080,EMPLOYMENT_DB,Employment Db,NO_SIGNAL,2026-07-15
EV00097,CLM0081,EMPLOYMENT_DB,Employment Db,NO_SIGNAL,2026-07-15
EV00098,CLM0082,EMPLOYMENT_DB,Employment Db,NO_SIGNAL,2026-07-15
EV00099,CLM0083,EMPLOYMENT_DB,Employment Db,NO_SIGNAL,2026-07-15
EV00100,CLM0084,EMPLOYMENT_DB,Employment Db,SUPPORTS,2026-07-15
EV00101,CLM0085,EMPLOYMENT_DB,Employment Db,SUPPORTS,2026-07-15
EV00102,CLM0086,EMPLOYMENT_DB,Employment Db,NO_SIGNAL,2026-07-15
EV00103,CLM0087,EMPLOYMENT_DB,Employment Db,NO_SIGNAL,2026-07-15
EV00104,CLM0088,EMPLOYMENT_DB,Employment Db,NO_SIGNAL,2026-07-15
EV00105,CLM0089,EMPLOYMENT_DB,Employment Db,NO_SIGNAL,2026-07-15
EV00106,CLM0090,EMPLOYMENT_DB,Employment Db,NO_SIGNAL,2026-07-15
EV00107,CLM0091,EMPLOYMENT_DB,Employment Db,SUPPORTS,2026-07-15
EV00108,CLM0092,EMPLOYMENT_DB,Employment Db,SUPPORTS,2026-07-15
EV00109,CLM0093,EMPLOYMENT_DB,Employment Db,NO_SIGNAL,2026-07-15
EV00110,CLM0094,EMPLOYMENT_DB,Employment Db,NO_SIGNAL,2026-07-15
EV00111,CLM0095,EMPLOYMENT_DB,Employment Db,NO_SIGNAL,2026-07-15
EV00112,CLM0096,EMPLOYMENT_DB,Employment Db,NO_SIGNAL,2026-07-15
EV00113,CLM0097,EMPLOYMENT_DB,Employment Db,NO_SIGNAL,2026-07-15
EV00114,CLM0098,EMPLOYMENT_DB,Employment Db,SUPPORTS,2026-07-15
EV00115,CLM0099,EMPLOYMENT_DB,Employment Db,SUPPORTS,2026-07-15
EV00116,CLM0100,EMPLOYMENT_DB,Employment Db,NO_SIGNAL,2026-07-15
EV00117,CLM0011,EMPLOYMENT_DB,Employment Db,SUPPORTS,2026-09-01
EV00118,CLM0011,EMPLOYER,Employer,SUPPORTS,2026-09-01
EV00119,CLM0012,EMPLOYMENT_DB,Employment Db,SUPPORTS,2026-11-01
EV00120,CLM0012,EMPLOYER,Employer,SUPPORTS,2026-11-01
EV00121,CLM0004,EMPLOYMENT_DB,Employment Db,SUPPORTS,2026-12-01
EV00122,CLM0004,EMPLOYER,Employer,SUPPORTS,2026-12-01
EV00123,CLM0013,WAGE_DB,Wage Db,SUPPORTS,2026-10-01
EV00124,CLM0011,WAGE_DB,Wage Db,SUPPORTS,2026-09-01
EV00125,CLM0012,WAGE_DB,Wage Db,SUPPORTS,2026-11-01
EV00126,CLM0004,WAGE_DB,Wage Db,SUPPORTS,2026-12-01