followup_id,trainee_id,claim_id,checkpoint,channel,attempt_number,response_status,response_date,outcome
FU0001,KT0002,CLM0002,3M,CALL,1,RESPONDED,2026-07-18,EMPLOYED
FU0002,KT0003,CLM0003,3M,APP,1,RESPONDED,2026-07-18,EMPLOYED
FU0003,KT0005,CLM0005,3M,APP,1,NO_RESPONSE,2026-07-18,UNKNOWN
FU0004,KT0006,CLM0006,3M,CALL,1,NO_RESPONSE,2026-07-18,UNKNOWN
FU0005,KT0007,CLM0007,3M,APP,1,NO_RESPONSE,2026-07-18,UNKNOWN
FU0006,KT0008,CLM0008,3M,CALL,1,RESPONDED,2026-07-18,EMPLOYED
FU0007,KT0009,CLM0009,3M,APP,1,NO_RESPONSE,2026-07-18,UNKNOWN
FU0008,KT0010,CLM0010,3M,CALL,1,RESPONDED,2026-07-18,SELF_EMPLOYED
FU0009,KT0012,CLM0012,3M,CALL,1,NO_RESPONSE,2026-07-18,UNKNOWN
FU0010,KT0014,CLM0014,3M,CALL,1,RESPONDED,2026-07-18,SEEKING_WORK
FU0011,KT0016,CLM0016,3M,CALL,1,NO_RESPONSE,2026-07-18,UNKNOWN
FU0012,KT0018,CLM0018,3M,CALL,1,NO_RESPONSE,2026-07-18,UNKNOWN
FU0013,KT0024,CLM0024,3M,CALL,1,NO_RESPONSE,2026-07-18,UNKNOWN
FU0014,KT0030,CLM0030,3M,CALL,1,NO_RESPONSE,2026-07-18,UNKNOWN
FU0015,KT0036,CLM0036,3M,CALL,1,NO_RESPONSE,2026-07-18,UNKNOWN
FU0016,KT0042,CLM0042,3M,CALL,1,NO_RESPONSE,2026-07-18,UNKNOWN
FU0017,KT0048,CLM0048,3M,CALL,1,NO_RESPONSE,2026-07-18,UNKNOWN
FU0018,KT0054,CLM0054,3M,CALL,1,NO_RESPONSE,2026-07-18,UNKNOWN
FU0019,KT0060,CLM0060,3M,CALL,1,NO_RESPONSE,2026-07-18,UNKNOWN
FU0020,KT0066,CLM0066,3M,CALL,1,NO_RESPONSE,2026-07-18,UNKNOWN
FU0021,KT0072,CLM0072,3M,CALL,1,NO_RESPONSE,2026-07-18,UNKNOWN
FU0022,KT0078,CLM0078,3M,CALL,1,NO_RESPONSE,2026-07-18,UNKNOWN
FU0023,KT0084,CLM0084,3M,CALL,1,NO_RESPONSE,2026-07-18,UNKNOWN
FU0024,KT0090,CLM0090,3M,CALL,1,NO_RESPONSE,2026-07-18,UNKNOWN
FU0025,KT0096,CLM0096,3M,CALL,1,NO_RESPONSE,2026-07-18,UNKNOWN

FU0026,KT0001,CLM0001,6M,CALL,1,RESPONDED,2026-10-15,EMPLOYED
FU0027,KT0002,CLM0002,6M,APP,1,RESPONDED,2026-10-15,EMPLOYED
FU0028,KT0003,CLM0003,6M,CALL,1,RESPONDED,2026-10-15,EMPLOYED
FU0029,KT0005,CLM0005,6M,CALL,1,RESPONDED,2026-10-15,EMPLOYED
FU0030,KT0011,CLM0011,6M,CALL,1,RESPONDED,2026-10-15,EMPLOYED
FU0031,KT0012,CLM0012,6M,CALL,1,RESPONDED,2026-10-15,SEEKING_WORK
FU0032,KT0013,CLM0013,6M,APP,1,RESPONDED,2026-10-15,EMPLOYED
FU0033,KT0014,CLM0014,6M,CALL,1,RESPONDED,2026-10-15,SEEKING_WORK
FU0034,KT0017,CLM0017,6M,CALL,1,NO_RESPONSE,2026-10-15,UNKNOWN
FU0035,KT0018,CLM0018,6M,CALL,1,RESPONDED,2026-10-15,EMPLOYED
FU0036,KT0021,CLM0021,6M,APP,1,RESPONDED,2026-10-15,EMPLOYED
FU0037,KT0024,CLM0024,6M,CALL,1,RESPONDED,2026-10-15,EMPLOYED
FU0038,KT0028,CLM0028,6M,CALL,1,RESPONDED,2026-10-15,EMPLOYED
FU0039,KT0030,CLM0030,6M,CALL,1,RESPONDED,2026-10-15,SELF_EMPLOYED
FU0040,KT0035,CLM0035,6M,APP,1,RESPONDED,2026-10-15,EMPLOYED
FU0041,KT0036,CLM0036,6M,CALL,1,NO_RESPONSE,2026-10-15,UNKNOWN
FU0042,KT0042,CLM0042,6M,CALL,1,RESPONDED,2026-10-15,EMPLOYED
FU0043,KT0048,CLM0048,6M,CALL,1,RESPONDED,2026-10-15,HIGHER_EDUCATION
FU0044,KT0050,CLM0050,6M,CALL,1,RESPONDED,2026-10-15,EMPLOYED
FU0045,KT0054,CLM0054,6M,CALL,1,NO_RESPONSE,2026-10-15,UNKNOWN
FU0046,KT0060,CLM0060,6M,CALL,1,RESPONDED,2026-10-15,SEEKING_WORK
FU0047,KT0066,CLM0066,6M,CALL,1,RESPONDED,2026-10-15,EMPLOYED
FU0048,KT0072,CLM0072,6M,APP,1,RESPONDED,2026-10-15,SELF_EMPLOYED
FU0049,KT0078,CLM0078,6M,CALL,1,RESPONDED,2026-10-15,EMPLOYED
FU0050,KT0084,CLM0084,6M,CALL,1,NO_RESPONSE,2026-10-15,UNKNOWN
FU0051,KT0090,CLM0090,6M,CALL,1,RESPONDED,2026-10-15,HIGHER_EDUCATION
FU0052,KT0096,CLM0096,6M,CALL,1,RESPONDED,2026-10-15,UNEMPLOYED
FU0053,KT0099,CLM0099,6M,APP,1,RESPONDED,2026-10-15,EMPLOYED
FU0054,KT0100,CLM0100,6M,CALL,1,RESPONDED,2026-10-15,SELF_EMPLOYED

FU0055,KT0001,CLM0001,12M,CALL,1,RESPONDED,2027-04-15,EMPLOYED
FU0056,KT0002,CLM0002,12M,APP,1,RESPONDED,2027-04-15,EMPLOYED
FU0057,KT0003,CLM0003,12M,CALL,1,RESPONDED,2027-04-15,EMPLOYED
FU0058,KT0005,CLM0005,12M,CALL,1,RESPONDED,2027-04-15,EMPLOYED
FU0059,KT0011,CLM0011,12M,CALL,1,RESPONDED,2027-04-15,EMPLOYED
FU0060,KT0012,CLM0012,12M,CALL,1,RESPONDED,2027-04-15,EMPLOYED
FU0061,KT0013,CLM0013,12M,APP,1,RESPONDED,2027-04-15,EMPLOYED
FU0062,KT0014,CLM0014,12M,CALL,1,RESPONDED,2027-04-15,EMPLOYED
FU0063,KT0017,CLM0017,12M,CALL,1,RESPONDED,2027-04-15,EMPLOYED
FU0064,KT0018,CLM0018,12M,CALL,1,RESPONDED,2027-04-15,EMPLOYED
FU0065,KT0021,CLM0021,12M,APP,1,RESPONDED,2027-04-15,EMPLOYED
FU0066,KT0024,CLM0024,12M,CALL,1,RESPONDED,2027-04-15,EMPLOYED
FU0067,KT0028,CLM0028,12M,CALL,1,RESPONDED,2027-04-15,EMPLOYED
FU0068,KT0030,CLM0030,12M,CALL,1,RESPONDED,2027-04-15,SELF_EMPLOYED
FU0069,KT0035,CLM0035,12M,APP,1,RESPONDED,2027-04-15,EMPLOYED
FU0070,KT0036,CLM0036,12M,CALL,1,RESPONDED,2027-04-15,EMPLOYED
FU0071,KT0042,CLM0042,12M,CALL,1,RESPONDED,2027-04-15,EMPLOYED
FU0072,KT0048,CLM0048,12M,CALL,1,RESPONDED,2027-04-15,HIGHER_EDUCATION
FU0073,KT0050,CLM0050,12M,CALL,1,RESPONDED,2027-04-15,EMPLOYED
FU0074,KT0054,CLM0054,12M,CALL,1,NO_RESPONSE,2027-04-15,UNKNOWN
FU0075,KT0060,CLM0060,12M,CALL,1,RESPONDED,2027-04-15,EMPLOYED
FU0076,KT0066,CLM0066,12M,CALL,1,RESPONDED,2027-04-15,EMPLOYED
FU0077,KT0072,CLM0072,12M,APP,1,RESPONDED,2027-04-15,SELF_EMPLOYED
FU0078,KT0078,CLM0078,12M,CALL,1,RESPONDED,2027-04-15,EMPLOYED
FU0079,KT0084,CLM0084,12M,CALL,1,RESPONDED,2027-04-15,EMPLOYED
FU0080,KT0090,CLM0090,12M,CALL,1,RESPONDED,2027-04-15,HIGHER_EDUCATION
FU0081,KT0096,CLM0096,12M,CALL,1,RESPONDED,2027-04-15,SEEKING_WORK
FU0082,KT0099,CLM0099,12M,APP,1,RESPONDED,2027-04-15,EMPLOYED
FU0083,KT0100,CLM0100,12M,CALL,1,RESPONDED,2027-04-15,SELF_EMPLOYED
