claim_id,trainee_id,training_id,outcome_type,claim_date,effective_from,employer_id,occupation,location,reported_by
CLM0001,KT0001,TRN0001,EMPLOYED,2026-07-15,2026-04-15,E001,Electrician,North Goa,SYSTEM
CLM0002,KT0002,TRN0002,EMPLOYED,2026-07-15,2026-04-15,E002,Electrician,South Goa,SYSTEM
CLM0003,KT0003,TRN0003,EMPLOYED,2026-07-15,2026-04-15,E003,Electrician,Daman,TRAINEE
CLM0004,KT0004,TRN0004,EMPLOYED,2026-07-15,2026-04-15,E004,Electrician,Mumbai,SYSTEM
CLM0005,KT0005,TRN0005,EMPLOYED,2026-07-15,2026-04-15,E005,Electrician,Pune,SYSTEM
CLM0006,KT0006,TRN0006,EMPLOYED,2026-07-15,2026-04-15,E006,Electrician,Mangaluru,SYSTEM
CLM0007,KT0007,TRN0007,EMPLOYED,2026-07-15,2026-04-15,E007,Electrician,North Goa,SYSTEM
CLM0008,KT0008,TRN0008,EMPLOYED,2026-07-15,2026-04-15,E008,Electrician,South Goa,TRAINEE
CLM0009,KT0009,TRN0009,UNKNOWN,2026-07-15,2026-04-15,,Electrician,Daman,TRAINEE
CLM0010,KT0010,TRN0010,SELF_EMPLOYED,2026-07-15,2026-04-15,,Electrician,Mumbai,TRAINEE
CLM0011,KT0011,TRN0011,APPRENTICESHIP,2026-07-15,2026-04-15,E011,Electrician,Pune,SYSTEM
CLM0012,KT0012,TRN0012,EMPLOYED,2026-07-15,2026-04-15,E012,Electrician,Mangaluru,SYSTEM
CLM0013,KT0013,TRN0013,EMPLOYED,2026-07-15,2026-04-15,E001,Electrician,North Goa,SYSTEM
CLM0014,KT0014,TRN0014,SEEKING_WORK,2026-07-15,2026-04-15,,Electrician,South Goa,SYSTEM
CLM0015,KT0015,TRN0015,HIGHER_EDUCATION,2026-07-15,2026-04-15,,Electrician,Daman,TRAINEE
CLM0016,KT0016,TRN0016,UNEMPLOYED,2026-07-15,2026-04-15,,Electrician,Mumbai,SYSTEM
CLM0017,KT0017,TRN0017,EMPLOYED,2026-07-15,2026-04-15,E005,Electrician,Pune,SYSTEM
CLM0018,KT0018,TRN0018,EMPLOYED,2026-07-15,2026-04-15,E006,Electrician,Mangaluru,SYSTEM
CLM0019,KT0019,TRN0019,UNEMPLOYED,2026-07-15,2026-04-15,,Data Entry Operator,North Goa,SYSTEM
CLM0020,KT0020,TRN0020,HIGHER_EDUCATION,2026-07-15,2026-04-15,,Sales Associate,South Goa,SYSTEM
CLM0021,KT0021,TRN0021,EMPLOYED,2026-07-15,2026-04-15,E009,Healthcare Assistant,Daman,SYSTEM
CLM0022,KT0022,TRN0022,EMPLOYED,2026-07-15,2026-04-15,E010,Welder,Mumbai,SYSTEM
CLM0023,KT0023,TRN0023,SELF_EMPLOYED,2026-07-15,2026-04-15,,Beauty Therapist,Pune,SYSTEM
CLM0024,KT0024,TRN0024,APPRENTICESHIP,2026-07-15,2026-04-15,E012,Food Processing Operator,Mangaluru,SYSTEM
CLM0025,KT0025,TRN0025,SEEKING_WORK,2026-07-15,2026-04-15,,Electrician,North Goa,SYSTEM
CLM0026,KT0026,TRN0026,UNEMPLOYED,2026-07-15,2026-04-15,,Solar PV Installer,South Goa,SYSTEM
CLM0027,KT0027,TRN0027,HIGHER_EDUCATION,2026-07-15,2026-04-15,,Data Entry Operator,Daman,SYSTEM
CLM0028,KT0028,TRN0028,EMPLOYED,2026-07-15,2026-04-15,E004,Sales Associate,Mumbai,SYSTEM
CLM0029,KT0029,TRN0029,EMPLOYED,2026-07-15,2026-04-15,E005,Healthcare Assistant,Pune,SYSTEM
CLM0030,KT0030,TRN0030,SELF_EMPLOYED,2026-07-15,2026-04-15,,Welder,Mangaluru,SYSTEM
CLM0031,KT0031,TRN0031,APPRENTICESHIP,2026-07-15,2026-04-15,E007,Beauty Therapist,North Goa,SYSTEM
CLM0032,KT0032,TRN0032,SEEKING_WORK,2026-07-15,2026-04-15,,Food Processing Operator,South Goa,SYSTEM
CLM0033,KT0033,TRN0033,UNEMPLOYED,2026-07-15,2026-04-15,,Electrician,Daman,SYSTEM
CLM0034,KT0034,TRN0034,HIGHER_EDUCATION,2026-07-15,2026-04-15,,Solar PV Installer,Mumbai,SYSTEM
CLM0035,KT0035,TRN0035,EMPLOYED,2026-07-15,2026-04-15,E011,Data Entry Operator,Pune,SYSTEM
CLM0036,KT0036,TRN0036,EMPLOYED,2026-07-15,2026-04-15,E012,Sales Associate,Mangaluru,SYSTEM
CLM0037,KT0037,TRN0037,SELF_EMPLOYED,2026-07-15,2026-04-15,,Healthcare Assistant,North Goa,SYSTEM
CLM0038,KT0038,TRN0038,APPRENTICESHIP,2026-07-15,2026-04-15,E002,Welder,South Goa,SYSTEM
CLM0039,KT0039,TRN0039,SEEKING_WORK,2026-07-15,2026-04-15,,Beauty Therapist,Daman,SYSTEM
CLM0040,KT0040,TRN0040,UNEMPLOYED,2026-07-15,2026-04-15,,Food Processing Operator,Mumbai,SYSTEM
CLM0041,KT0041,TRN0041,HIGHER_EDUCATION,2026-07-15,2026-04-15,,Electrician,Pune,SYSTEM
CLM0042,KT0042,TRN0042,EMPLOYED,2026-07-15,2026-04-15,E006,Solar PV Installer,Mangaluru,SYSTEM
CLM0043,KT0043,TRN0043,EMPLOYED,2026-07-15,2026-04-15,E007,Data Entry Operator,North Goa,SYSTEM
CLM0044,KT0044,TRN0044,SELF_EMPLOYED,2026-07-15,2026-04-15,,Sales Associate,South Goa,SYSTEM
CLM0045,KT0045,TRN0045,APPRENTICESHIP,2026-07-15,2026-04-15,E009,Healthcare Assistant,Daman,SYSTEM
CLM0046,KT0046,TRN0046,SEEKING_WORK,2026-07-15,2026-04-15,,Welder,Mumbai,SYSTEM
CLM0047,KT0047,TRN0047,UNEMPLOYED,2026-07-15,2026-04-15,,Beauty Therapist,Pune,SYSTEM
CLM0048,KT0048,TRN0048,HIGHER_EDUCATION,2026-07-15,2026-04-15,,Food Processing Operator,Mangaluru,SYSTEM
CLM0049,KT0049,TRN0049,EMPLOYED,2026-07-15,2026-04-15,E001,Electrician,North Goa,SYSTEM
CLM0050,KT0050,TRN0050,EMPLOYED,2026-07-15,2026-04-15,E002,Solar PV Installer,South Goa,SYSTEM
CLM0051,KT0051,TRN0051,SELF_EMPLOYED,2026-07-15,2026-04-15,,Data Entry Operator,Daman,SYSTEM
CLM0052,KT0052,TRN0052,APPRENTICESHIP,2026-07-15,2026-04-15,E004,Sales Associate,Mumbai,SYSTEM
CLM0053,KT0053,TRN0053,SEEKING_WORK,2026-07-15,2026-04-15,,Healthcare Assistant,Pune,SYSTEM
CLM0054,KT0054,TRN0054,UNEMPLOYED,2026-07-15,2026-04-15,,Welder,Mangaluru,SYSTEM
CLM0055,KT0055,TRN0055,HIGHER_EDUCATION,2026-07-15,2026-04-15,,Beauty Therapist,North Goa,SYSTEM
CLM0056,KT0056,TRN0056,EMPLOYED,2026-07-15,2026-04-15,E008,Food Processing Operator,South Goa,SYSTEM
CLM0057,KT0057,TRN0057,EMPLOYED,2026-07-15,2026-04-15,E009,Electrician,Daman,SYSTEM
CLM0058,KT0058,TRN0058,SELF_EMPLOYED,2026-07-15,2026-04-15,,Solar PV Installer,Mumbai,SYSTEM
CLM0059,KT0059,TRN0059,APPRENTICESHIP,2026-07-15,2026-04-15,E011,Data Entry Operator,Pune,SYSTEM
CLM0060,KT0060,TRN0060,SEEKING_WORK,2026-07-15,2026-04-15,,Sales Associate,Mangaluru,SYSTEM
CLM0061,KT0061,TRN0061,UNEMPLOYED,2026-07-15,2026-04-15,,Healthcare Assistant,North Goa,SYSTEM
CLM0062,KT0062,TRN0062,HIGHER_EDUCATION,2026-07-15,2026-04-15,,Welder,South Goa,SYSTEM
CLM0063,KT0063,TRN0063,EMPLOYED,2026-07-15,2026-04-15,E003,Beauty Therapist,Daman,SYSTEM
CLM0064,KT0064,TRN0064,EMPLOYED,2026-07-15,2026-04-15,E004,Food Processing Operator,Mumbai,SYSTEM
CLM0065,KT0065,TRN0065,SELF_EMPLOYED,2026-07-15,2026-04-15,,Electrician,Pune,SYSTEM
CLM0066,KT0066,TRN0066,APPRENTICESHIP,2026-07-15,2026-04-15,E006,Solar PV Installer,Mangaluru,SYSTEM
CLM0067,KT0067,TRN0067,SEEKING_WORK,2026-07-15,2026-04-15,,Data Entry Operator,North Goa,SYSTEM
CLM0068,KT0068,TRN0068,UNEMPLOYED,2026-07-15,2026-04-15,,Sales Associate,South Goa,SYSTEM
CLM0069,KT0069,TRN0069,HIGHER_EDUCATION,2026-07-15,2026-04-15,,Healthcare Assistant,Daman,SYSTEM
CLM0070,KT0070,TRN0070,EMPLOYED,2026-07-15,2026-04-15,E010,Welder,Mumbai,SYSTEM
CLM0071,KT0071,TRN0071,EMPLOYED,2026-07-15,2026-04-15,E011,Beauty Therapist,Pune,SYSTEM
CLM0072,KT0072,TRN0072,SELF_EMPLOYED,2026-07-15,2026-04-15,,Food Processing Operator,Mangaluru,SYSTEM
CLM0073,KT0073,TRN0073,APPRENTICESHIP,2026-07-15,2026-04-15,E001,Electrician,North Goa,SYSTEM
CLM0074,KT0074,TRN0074,SEEKING_WORK,2026-07-15,2026-04-15,,Solar PV Installer,South Goa,SYSTEM
CLM0075,KT0075,TRN0075,UNEMPLOYED,2026-07-15,2026-04-15,,Data Entry Operator,Daman,SYSTEM
CLM0076,KT0076,TRN0076,HIGHER_EDUCATION,2026-07-15,2026-04-15,,Sales Associate,Mumbai,SYSTEM
CLM0077,KT0077,TRN0077,EMPLOYED,2026-07-15,2026-04-15,E005,Healthcare Assistant,Pune,SYSTEM
CLM0078,KT0078,TRN0078,EMPLOYED,2026-07-15,2026-04-15,E006,Welder,Mangaluru,SYSTEM
CLM0079,KT0079,TRN0079,SELF_EMPLOYED,2026-07-15,2026-04-15,,Beauty Therapist,North Goa,SYSTEM
CLM0080,KT0080,TRN0080,APPRENTICESHIP,2026-07-15,2026-04-15,E008,Food Processing Operator,South Goa,SYSTEM
CLM0081,KT0081,TRN0081,SEEKING_WORK,2026-07-15,2026-04-15,,Electrician,Daman,SYSTEM
CLM0082,KT0082,TRN0082,UNEMPLOYED,2026-07-15,2026-04-15,,Solar PV Installer,Mumbai,SYSTEM
CLM0083,KT0083,TRN0083,HIGHER_EDUCATION,2026-07-15,2026-04-15,,Data Entry Operator,Pune,SYSTEM
CLM0084,KT0084,TRN0084,EMPLOYED,2026-07-15,2026-04-15,E012,Sales Associate,Mangaluru,SYSTEM
CLM0085,KT0085,TRN0085,EMPLOYED,2026-07-15,2026-04-15,E001,Healthcare Assistant,North Goa,SYSTEM
CLM0086,KT0086,TRN0086,SELF_EMPLOYED,2026-07-15,2026-04-15,,Welder,South Goa,SYSTEM
CLM0087,KT0087,TRN0087,APPRENTICESHIP,2026-07-15,2026-04-15,E003,Beauty Therapist,Daman,SYSTEM
CLM0088,KT0088,TRN0088,SEEKING_WORK,2026-07-15,2026-04-15,,Food Processing Operator,Mumbai,SYSTEM
CLM0089,KT0089,TRN0089,UNEMPLOYED,2026-07-15,2026-04-15,,Electrician,Pune,SYSTEM
CLM0090,KT0090,TRN0090,HIGHER_EDUCATION,2026-07-15,2026-04-15,,Solar PV Installer,Mangaluru,SYSTEM
CLM0091,KT0091,TRN0091,EMPLOYED,2026-07-15,2026-04-15,E007,Data Entry Operator,North Goa,SYSTEM
CLM0092,KT0092,TRN0092,EMPLOYED,2026-07-15,2026-04-15,E008,Sales Associate,South Goa,SYSTEM
CLM0093,KT0093,TRN0093,SELF_EMPLOYED,2026-07-15,2026-04-15,,Healthcare Assistant,Daman,SYSTEM
CLM0094,KT0094,TRN0094,APPRENTICESHIP,2026-07-15,2026-04-15,E010,Welder,Mumbai,SYSTEM
CLM0095,KT0095,TRN0095,SEEKING_WORK,2026-07-15,2026-04-15,,Beauty Therapist,Pune,SYSTEM
CLM0096,KT0096,TRN0096,UNEMPLOYED,2026-07-15,2026-04-15,,Food Processing Operator,Mangaluru,SYSTEM
CLM0097,KT0097,TRN0097,HIGHER_EDUCATION,2026-07-15,2026-04-15,,Electrician,North Goa,SYSTEM
CLM0098,KT0098,TRN0098,EMPLOYED,2026-07-15,2026-04-15,E002,Solar PV Installer,South Goa,SYSTEM
CLM0099,KT0099,TRN0099,EMPLOYED,2026-07-15,2026-04-15,E003,Data Entry Operator,Daman,SYSTEM
CLM0100,KT0100,TRN0100,SELF_EMPLOYED,2026-07-15,2026-04-15,,Sales Associate,Mumbai,SYSTEM
