training_id,trainee_id,course_id,course_name,provider_id,provider_name,scheme_id,enrollment_date,completion_date,attendance_percentage,assessment_score,certification_status,data_source,verification_status
TRN0001,KT0001,C001,Electrician,P001,Goa Skill Centre,SC01,2026-01-10,2026-03-20,67,66,CERTIFIED,AUTHORIZED_SOURCE,VERIFIED
TRN0002,KT0002,C002,Solar PV Technician,P002,Konkan Technical Institute,SC01,2026-01-10,2026-03-20,74,77,CERTIFIED,AUTHORIZED_SOURCE,VERIFIED
TRN0003,KT0003,C003,Data Entry Operator,P003,Daman Skills Hub,SC01,2026-01-10,2026-03-20,81,88,CERTIFIED,USER_REPORTED,REPORTED
TRN0004,KT0004,C004,Retail Sales Associate,P004,Western India Training Academy,SC01,2026-01-10,2026-03-20,88,55,CERTIFIED,AUTHORIZED_SOURCE,VERIFIED
TRN0005,KT0005,C005,Healthcare Assistant,P005,Coastal Vocational Institute,SC01,2026-01-10,2026-03-20,95,66,CERTIFIED,AUTHORIZED_SOURCE,VERIFIED
TRN0006,KT0006,C006,Welding Technician,P006,National Digital Skills Centre,SC01,2026-01-10,2026-03-20,63,77,CERTIFIED,AUTHORIZED_SOURCE,VERIFIED
TRN0007,KT0007,C007,Beauty & Wellness Assistant,P001,Goa Skill Centre,SC01,2026-01-10,2026-03-20,70,88,CERTIFIED,AUTHORIZED_SOURCE,VERIFIED
TRN0008,KT0008,C008,Food Processing Technician,P002,Konkan Technical Institute,SC01,2026-01-10,2026-03-20,77,55,CERTIFIED,AUTHORIZED_SOURCE,VERIFIED
TRN0009,KT0009,C001,Electrician,P003,Daman Skills Hub,SC01,2026-01-10,2026-03-20,84,66,CERTIFIED,AUTHORIZED_SOURCE,VERIFIED
TRN0010,KT0010,C002,Solar PV Technician,P004,Western India Training Academy,SC01,2026-01-10,2026-03-20,91,77,CERTIFIED,AUTHORIZED_SOURCE,VERIFIED
TRN0011,KT0011,C003,Data Entry Operator,P005,Coastal Vocational Institute,SC01,2026-01-10,2026-03-20,98,88,CERTIFIED,AUTHORIZED_SOURCE,VERIFIED
TRN0012,KT0012,C004,Retail Sales Associate,P006,National Digital Skills Centre,SC01,2026-01-10,2026-03-20,66,55,CERTIFIED,AUTHORIZED_SOURCE,VERIFIED
TRN0013,KT0013,C005,Healthcare Assistant,P001,Goa Skill Centre,SC01,2026-01-10,2026-03-20,73,66,CERTIFIED,AUTHORIZED_SOURCE,VERIFIED
TRN0014,KT0014,C006,Welding Technician,P002,Konkan Technical Institute,SC01,2026-01-10,2026-03-20,80,77,CERTIFIED,AUTHORIZED_SOURCE,VERIFIED
TRN0015,KT0015,C007,Beauty & Wellness Assistant,P003,Daman Skills Hub,SC01,2026-01-10,2026-03-20,87,88,CERTIFIED,AUTHORIZED_SOURCE,VERIFIED
TRN0016,KT0016,C008,Food Processing Technician,P004,Western India Training Academy,SC01,2026-01-10,2026-03-20,94,55,CERTIFIED,AUTHORIZED_SOURCE,VERIFIED
TRN0017,KT0017,C001,Electrician,P005,Coastal Vocational Institute,SC01,2026-01-10,2026-03-20,62,66,CERTIFIED,USER_REPORTED,REPORTED
TRN0018,KT0018,C002,Solar PV Technician,P006,National Digital Skills Centre,SC01,2026-01-10,2026-03-20,69,77,CERTIFIED,AUTHORIZED_SOURCE,VERIFIED
TRN0019,KT0019,C003,Data Entry Operator,P001,Goa Skill Centre,SC01,2026-01-10,2026-03-20,76,88,CERTIFIED,AUTHORIZED_SOURCE,VERIFIED
TRN0020,KT0020,C004,Retail Sales Associate,P002,Konkan Technical Institute,SC01,2026-01-10,2026-03-20,83,55,CERTIFIED,AUTHORIZED_SOURCE,VERIFIED
TRN0021,KT0021,C005,Healthcare Assistant,P003,Daman Skills Hub,SC01,2026-01-10,2026-03-20,90,66,CERTIFIED,AUTHORIZED_SOURCE,VERIFIED
TRN0022,KT0022,C006,Welding Technician,P004,Western India Training Academy,SC01,2026-01-10,2026-03-20,97,77,CERTIFIED,AUTHORIZED_SOURCE,VERIFIED
TRN0023,KT0023,C007,Beauty & Wellness Assistant,P005,Coastal Vocational Institute,SC01,2026-01-10,,65,88,NOT_CERTIFIED,AUTHORIZED_SOURCE,VERIFIED
TRN0024,KT0024,C008,Food Processing Technician,P006,National Digital Skills Centre,SC01,2026-01-10,2026-03-20,72,55,CERTIFIED,AUTHORIZED_SOURCE,VERIFIED
TRN0025,KT0025,C001,Electrician,P001,Goa Skill Centre,SC01,2026-01-10,2026-03-20,79,66,CERTIFIED,AUTHORIZED_SOURCE,VERIFIED
TRN0026,KT0026,C002,Solar PV Technician,P002,Konkan Technical Institute,SC01,2026-01-10,2026-03-20,86,77,CERTIFIED,AUTHORIZED_SOURCE,VERIFIED
TRN0027,KT0027,C003,Data Entry Operator,P003,Daman Skills Hub,SC01,2026-01-10,2026-03-20,93,88,CERTIFIED,AUTHORIZED_SOURCE,VERIFIED
TRN0028,KT0028,C004,Retail Sales Associate,P004,Western India Training Academy,SC01,2026-01-10,2026-03-20,61,55,CERTIFIED,AUTHORIZED_SOURCE,VERIFIED
TRN0029,KT0029,C005,Healthcare Assistant,P005,Coastal Vocational Institute,SC01,2026-01-10,2026-03-20,68,66,CERTIFIED,USER_REPORTED,REPORTED
TRN0030,KT0030,C006,Welding Technician,P006,National Digital Skills Centre,SC01,2026-01-10,2026-03-20,75,77,CERTIFIED,AUTHORIZED_SOURCE,VERIFIED
TRN0031,KT0031,C007,Beauty & Wellness Assistant,P001,Goa Skill Centre,SC01,2026-01-10,2026-03-20,82,88,CERTIFIED,AUTHORIZED_SOURCE,VERIFIED
TRN0032,KT0032,C008,Food Processing Technician,P002,Konkan Technical Institute,SC01,2026-01-10,2026-03-20,89,55,CERTIFIED,AUTHORIZED_SOURCE,VERIFIED
TRN0033,KT0033,C001,Electrician,P003,Daman Skills Hub,SC01,2026-01-10,2026-03-20,96,66,CERTIFIED,AUTHORIZED_SOURCE,VERIFIED
TRN0034,KT0034,C002,Solar PV Technician,P004,Western India Training Academy,SC01,2026-01-10,2026-03-20,64,77,CERTIFIED,AUTHORIZED_SOURCE,VERIFIED
TRN0035,KT0035,C003,Data Entry Operator,P005,Coastal Vocational Institute,SC01,2026-01-10,2026-03-20,71,88,CERTIFIED,AUTHORIZED_SOURCE,VERIFIED
TRN0036,KT0036,C004,Retail Sales Associate,P006,National Digital Skills Centre,SC01,2026-01-10,2026-03-20,78,55,CERTIFIED,AUTHORIZED_SOURCE,VERIFIED
TRN0037,KT0037,C005,Healthcare Assistant,P001,Goa Skill Centre,SC01,2026-01-10,2026-03-20,85,66,CERTIFIED,AUTHORIZED_SOURCE,VERIFIED
TRN0038,KT0038,C006,Welding Technician,P002,Konkan Technical Institute,SC01,2026-01-10,2026-03-20,92,77,CERTIFIED,AUTHORIZED_SOURCE,VERIFIED
TRN0039,KT0039,C007,Beauty & Wellness Assistant,P003,Daman Skills Hub,SC01,2026-01-10,2026-03-20,60,88,CERTIFIED,AUTHORIZED_SOURCE,VERIFIED
TRN0040,KT0040,C008,Food Processing Technician,P004,Western India Training Academy,SC01,2026-01-10,2026-03-20,67,55,CERTIFIED,AUTHORIZED_SOURCE,VERIFIED
TRN0041,KT0041,C001,Electrician,P005,Coastal Vocational Institute,SC01,2026-01-10,2026-03-20,74,66,CERTIFIED,AUTHORIZED_SOURCE,VERIFIED
TRN0042,KT0042,C002,Solar PV Technician,P006,National Digital Skills Centre,SC01,2026-01-10,2026-03-20,81,77,CERTIFIED,AUTHORIZED_SOURCE,VERIFIED
TRN0043,KT0043,C003,Data Entry Operator,P001,Goa Skill Centre,SC01,2026-01-10,2026-03-20,88,88,CERTIFIED,USER_REPORTED,REPORTED
TRN0044,KT0044,C004,Retail Sales Associate,P002,Konkan Technical Institute,SC01,2026-01-10,2026-03-20,95,55,CERTIFIED,AUTHORIZED_SOURCE,VERIFIED
TRN0045,KT0045,C005,Healthcare Assistant,P003,Daman Skills Hub,SC01,2026-01-10,2026-03-20,63,66,CERTIFIED,AUTHORIZED_SOURCE,VERIFIED
TRN0046,KT0046,C006,Welding Technician,P004,Western India Training Academy,SC01,2026-01-10,2026-03-20,70,77,CERTIFIED,AUTHORIZED_SOURCE,VERIFIED
TRN0047,KT0047,C007,Beauty & Wellness Assistant,P005,Coastal Vocational Institute,SC01,2026-01-10,,77,88,NOT_CERTIFIED,AUTHORIZED_SOURCE,VERIFIED
TRN0048,KT0048,C008,Food Processing Technician,P006,National Digital Skills Centre,SC01,2026-01-10,2026-03-20,84,55,CERTIFIED,AUTHORIZED_SOURCE,VERIFIED
TRN0049,KT0049,C001,Electrician,P001,Goa Skill Centre,SC01,2026-01-10,2026-03-20,91,66,CERTIFIED,AUTHORIZED_SOURCE,VERIFIED
TRN0050,KT0050,C002,Solar PV Technician,P002,Konkan Technical Institute,SC01,2026-01-10,2026-03-20,98,77,CERTIFIED,AUTHORIZED_SOURCE,VERIFIED
TRN0051,KT0051,C003,Data Entry Operator,P003,Daman Skills Hub,SC01,2026-01-10,2026-03-20,66,88,CERTIFIED,AUTHORIZED_SOURCE,VERIFIED
TRN0052,KT0052,C004,Retail Sales Associate,P004,Western India Training Academy,SC01,2026-01-10,2026-03-20,73,55,CERTIFIED,AUTHORIZED_SOURCE,VERIFIED
TRN0053,KT0053,C005,Healthcare Assistant,P005,Coastal Vocational Institute,SC01,2026-01-10,2026-03-20,80,66,CERTIFIED,AUTHORIZED_SOURCE,VERIFIED
TRN0054,KT0054,C006,Welding Technician,P006,National Digital Skills Centre,SC01,2026-01-10,2026-03-20,87,77,CERTIFIED,AUTHORIZED_SOURCE,VERIFIED
TRN0055,KT0055,C007,Beauty & Wellness Assistant,P001,Goa Skill Centre,SC01,2026-01-10,2026-03-20,94,88,CERTIFIED,AUTHORIZED_SOURCE,VERIFIED
TRN0056,KT0056,C008,Food Processing Technician,P002,Konkan Technical Institute,SC01,2026-01-10,2026-03-20,62,55,CERTIFIED,AUTHORIZED_SOURCE,VERIFIED
TRN0057,KT0057,C001,Electrician,P003,Daman Skills Hub,SC01,2026-01-10,2026-03-20,69,66,CERTIFIED,AUTHORIZED_SOURCE,VERIFIED
TRN0058,KT0058,C002,Solar PV Technician,P004,Western India Training Academy,SC01,2026-01-10,2026-03-20,76,77,CERTIFIED,AUTHORIZED_SOURCE,VERIFIED
TRN0059,KT0059,C003,Data Entry Operator,P005,Coastal Vocational Institute,SC01,2026-01-10,2026-03-20,83,88,CERTIFIED,USER_REPORTED,REPORTED
TRN0060,KT0060,C004,Retail Sales Associate,P006,National Digital Skills Centre,SC01,2026-01-10,2026-03-20,90,55,CERTIFIED,AUTHORIZED_SOURCE,VERIFIED
TRN0061,KT0061,C005,Healthcare Assistant,P001,Goa Skill Centre,SC01,2026-01-10,2026-03-20,97,66,CERTIFIED,AUTHORIZED_SOURCE,VERIFIED
TRN0062,KT0062,C006,Welding Technician,P002,Konkan Technical Institute,SC01,2026-01-10,2026-03-20,65,77,CERTIFIED,AUTHORIZED_SOURCE,VERIFIED
TRN0063,KT0063,C007,Beauty & Wellness Assistant,P003,Daman Skills Hub,SC01,2026-01-10,2026-03-20,72,88,CERTIFIED,AUTHORIZED_SOURCE,VERIFIED
TRN0064,KT0064,C008,Food Processing Technician,P004,Western India Training Academy,SC01,2026-01-10,2026-03-20,79,55,CERTIFIED,AUTHORIZED_SOURCE,VERIFIED
TRN0065,KT0065,C001,Electrician,P005,Coastal Vocational Institute,SC01,2026-01-10,2026-03-20,86,66,CERTIFIED,AUTHORIZED_SOURCE,VERIFIED
TRN0066,KT0066,C002,Solar PV Technician,P006,National Digital Skills Centre,SC01,2026-01-10,2026-03-20,93,77,CERTIFIED,AUTHORIZED_SOURCE,VERIFIED
TRN0067,KT0067,C003,Data Entry Operator,P001,Goa Skill Centre,SC01,2026-01-10,2026-03-20,61,88,CERTIFIED,AUTHORIZED_SOURCE,VERIFIED
TRN0068,KT0068,C004,Retail Sales Associate,P002,Konkan Technical Institute,SC01,2026-01-10,2026-03-20,68,55,CERTIFIED,AUTHORIZED_SOURCE,VERIFIED
TRN0069,KT0069,C005,Healthcare Assistant,P003,Daman Skills Hub,SC01,2026-01-10,2026-03-20,75,66,CERTIFIED,AUTHORIZED_SOURCE,VERIFIED
TRN0070,KT0070,C006,Welding Technician,P004,Western India Training Academy,SC01,2026-01-10,2026-03-20,82,77,CERTIFIED,AUTHORIZED_SOURCE,VERIFIED
TRN0071,KT0071,C007,Beauty & Wellness Assistant,P005,Coastal Vocational Institute,SC01,2026-01-10,,89,88,NOT_CERTIFIED,AUTHORIZED_SOURCE,VERIFIED
TRN0072,KT0072,C008,Food Processing Technician,P006,National Digital Skills Centre,SC01,2026-01-10,2026-03-20,96,55,CERTIFIED,AUTHORIZED_SOURCE,VERIFIED
TRN0073,KT0073,C001,Electrician,P001,Goa Skill Centre,SC01,2026-01-10,2026-03-20,64,66,CERTIFIED,USER_REPORTED,REPORTED
TRN0074,KT0074,C002,Solar PV Technician,P002,Konkan Technical Institute,SC01,2026-01-10,2026-03-20,71,77,CERTIFIED,AUTHORIZED_SOURCE,VERIFIED
TRN0075,KT0075,C003,Data Entry Operator,P003,Daman Skills Hub,SC01,2026-01-10,2026-03-20,78,88,CERTIFIED,AUTHORIZED_SOURCE,VERIFIED
TRN0076,KT0076,C004,Retail Sales Associate,P004,Western India Training Academy,SC01,2026-01-10,2026-03-20,85,55,CERTIFIED,AUTHORIZED_SOURCE,VERIFIED
TRN0077,KT0077,C005,Healthcare Assistant,P005,Coastal Vocational Institute,SC01,2026-01-10,2026-03-20,92,66,CERTIFIED,AUTHORIZED_SOURCE,VERIFIED
TRN0078,KT0078,C006,Welding Technician,P006,National Digital Skills Centre,SC01,2026-01-10,2026-03-20,60,77,CERTIFIED,AUTHORIZED_SOURCE,VERIFIED
TRN0079,KT0079,C007,Beauty & Wellness Assistant,P001,Goa Skill Centre,SC01,2026-01-10,2026-03-20,67,88,CERTIFIED,AUTHORIZED_SOURCE,VERIFIED
TRN0080,KT0080,C008,Food Processing Technician,P002,Konkan Technical Institute,SC01,2026-01-10,2026-03-20,74,55,CERTIFIED,AUTHORIZED_SOURCE,VERIFIED
TRN0081,KT0081,C001,Electrician,P003,Daman Skills Hub,SC01,2026-01-10,2026-03-20,81,66,CERTIFIED,AUTHORIZED_SOURCE,VERIFIED
TRN0082,KT0082,C002,Solar PV Technician,P004,Western India Training Academy,SC01,2026-01-10,2026-03-20,88,77,CERTIFIED,AUTHORIZED_SOURCE,VERIFIED
TRN0083,KT0083,C003,Data Entry Operator,P005,Coastal Vocational Institute,SC01,2026-01-10,2026-03-20,95,88,CERTIFIED,AUTHORIZED_SOURCE,VERIFIED
TRN0084,KT0084,C004,Retail Sales Associate,P006,National Digital Skills Centre,SC01,2026-01-10,2026-03-20,63,55,CERTIFIED,AUTHORIZED_SOURCE,VERIFIED
TRN0085,KT0085,C005,Healthcare Assistant,P001,Goa Skill Centre,SC01,2026-01-10,2026-03-20,70,66,CERTIFIED,AUTHORIZED_SOURCE,VERIFIED
TRN0086,KT0086,C006,Welding Technician,P002,Konkan Technical Institute,SC01,2026-01-10,2026-03-20,77,77,CERTIFIED,AUTHORIZED_SOURCE,VERIFIED
TRN0087,KT0087,C007,Beauty & Wellness Assistant,P003,Daman Skills Hub,SC01,2026-01-10,2026-03-20,84,88,CERTIFIED,AUTHORIZED_SOURCE,VERIFIED
TRN0088,KT0088,C008,Food Processing Technician,P004,Western India Training Academy,SC01,2026-01-10,,91,55,NOT_CERTIFIED,AUTHORIZED_SOURCE,VERIFIED
TRN0089,KT0089,C001,Electrician,P005,Coastal Vocational Institute,SC01,2026-01-10,2026-03-20,98,66,CERTIFIED,AUTHORIZED_SOURCE,VERIFIED
TRN0090,KT0090,C002,Solar PV Technician,P006,National Digital Skills Centre,SC01,2026-01-10,2026-03-20,66,77,CERTIFIED,AUTHORIZED_SOURCE,VERIFIED
TRN0091,KT0091,C003,Data Entry Operator,P001,Goa Skill Centre,SC01,2026-01-10,2026-03-20,73,88,CERTIFIED,USER_REPORTED,REPORTED
TRN0092,KT0092,C004,Retail Sales Associate,P002,Konkan Technical Institute,SC01,2026-01-10,2026-03-20,80,55,CERTIFIED,AUTHORIZED_SOURCE,VERIFIED
TRN0093,KT0093,C005,Healthcare Assistant,P003,Daman Skills Hub,SC01,2026-01-10,2026-03-20,87,66,CERTIFIED,AUTHORIZED_SOURCE,VERIFIED
TRN0094,KT0094,C006,Welding Technician,P004,Western India Training Academy,SC01,2026-01-10,2026-03-20,94,77,CERTIFIED,AUTHORIZED_SOURCE,VERIFIED
TRN0095,KT0095,C007,Beauty & Wellness Assistant,P005,Coastal Vocational Institute,SC01,2026-01-10,2026-03-20,62,88,CERTIFIED,AUTHORIZED_SOURCE,VERIFIED
TRN0096,KT0096,C008,Food Processing Technician,P006,National Digital Skills Centre,SC01,2026-01-10,2026-03-20,69,55,CERTIFIED,AUTHORIZED_SOURCE,VERIFIED
TRN0097,KT0097,C001,Electrician,P001,Goa Skill Centre,SC01,2026-01-10,2026-03-20,76,66,CERTIFIED,AUTHORIZED_SOURCE,VERIFIED
TRN0098,KT0098,C002,Solar PV Technician,P002,Konkan Technical Institute,SC01,2026-01-10,2026-03-20,83,77,CERTIFIED,AUTHORIZED_SOURCE,VERIFIED
TRN0099,KT0099,C003,Data Entry Operator,P003,Daman Skills Hub,SC01,2026-01-10,2026-03-20,90,88,CERTIFIED,AUTHORIZED_SOURCE,VERIFIED
TRN0100,KT0100,C004,Retail Sales Associate,P004,Western India Training Academy,SC01,2026-01-10,2026-03-20,97,55,CERTIFIED,AUTHORIZED_SOURCE,VERIFIED
