verification_id,claim_id,verification_status,verification_method,verified_at
VR0001,CLM0001,CORROBORATED,MULTI_SOURCE,2026-07-20
VR0002,CLM0002,SUPPORTED,INDEPENDENT_SOURCE,2026-07-20
VR0003,CLM0003,REPORTED,TRAINEE_REPORT,2026-07-20
VR0004,CLM0004,SUPPORTED,INDEPENDENT_SOURCE,2026-07-20
VR0005,CLM0005,CONFLICT,SOURCE_CONFLICT,2026-07-20
VR0006,CLM0006,CORROBORATED,MULTI_SOURCE,2026-07-20
VR0007,CLM0007,CONFLICT,SOURCE_CONFLICT,2026-07-20
VR0008,CLM0008,REPORTED,TRAINEE_REPORT,2026-07-20
VR0009,CLM0009,UNKNOWN,NO_USABLE_EVIDENCE,2026-07-20
VR0010,CLM0010,REPORTED,TRAINEE_REPORT,2026-07-20
VR0011,CLM0011,CORROBORATED,MULTI_SOURCE,2026-07-20
VR0012,CLM0012,SUPPORTED,INDEPENDENT_SOURCE,2026-07-20
VR0013,CLM0013,SUPPORTED,INDEPENDENT_SOURCE,2026-07-20
VR0014,CLM0014,REPORTED,TRAINEE_REPORT,2026-07-20
VR0015,CLM0015,SUPPORTED,INDEPENDENT_SOURCE,2026-07-20
VR0016,CLM0016,UNKNOWN,NO_USABLE_EVIDENCE,2026-07-20
VR0017,CLM0017,SUPPORTED,INDEPENDENT_SOURCE,2026-07-20
VR0018,CLM0018,SUPPORTED,INDEPENDENT_SOURCE,2026-07-20
VR0019,CLM0019,SUPPORTED,INDEPENDENT_SOURCE,2026-07-20
VR0020,CLM0020,REPORTED,TRAINEE_REPORT,2026-07-20
VR0021,CLM0021,SUPPORTED,INDEPENDENT_SOURCE,2026-07-20
VR0022,CLM0022,SUPPORTED,INDEPENDENT_SOURCE,2026-07-20
VR0023,CLM0023,SUPPORTED,INDEPENDENT_SOURCE,2026-07-20
VR0024,CLM0024,SUPPORTED,INDEPENDENT_SOURCE,2026-07-20
VR0025,CLM0025,REPORTED,TRAINEE_REPORT,2026-07-20
VR0026,CLM0026,SUPPORTED,INDEPENDENT_SOURCE,2026-07-20
VR0027,CLM0027,SUPPORTED,INDEPENDENT_SOURCE,2026-07-20
VR0028,CLM0028,SUPPORTED,INDEPENDENT_SOURCE,2026-07-20
VR0029,CLM0029,SUPPORTED,INDEPENDENT_SOURCE,2026-07-20
VR0030,CLM0030,REPORTED,TRAINEE_REPORT,2026-07-20
VR0031,CLM0031,SUPPORTED,INDEPENDENT_SOURCE,2026-07-20
VR0032,CLM0032,SUPPORTED,INDEPENDENT_SOURCE,2026-07-20
VR0033,CLM0033,SUPPORTED,INDEPENDENT_SOURCE,2026-07-20
VR0034,CLM0034,SUPPORTED,INDEPENDENT_SOURCE,2026-07-20
VR0035,CLM0035,REPORTED,TRAINEE_REPORT,2026-07-20
VR0036,CLM0036,SUPPORTED,INDEPENDENT_SOURCE,2026-07-20
VR0037,CLM0037,SUPPORTED,INDEPENDENT_SOURCE,2026-07-20
VR0038,CLM0038,SUPPORTED,INDEPENDENT_SOURCE,2026-07-20
VR0039,CLM0039,SUPPORTED,INDEPENDENT_SOURCE,2026-07-20
VR0040,CLM0040,REPORTED,TRAINEE_REPORT,2026-07-20
VR0041,CLM0041,SUPPORTED,INDEPENDENT_SOURCE,2026-07-20
VR0042,CLM0042,SUPPORTED,INDEPENDENT_SOURCE,2026-07-20
VR0043,CLM0043,SUPPORTED,INDEPENDENT_SOURCE,2026-07-20
VR0044,CLM0044,SUPPORTED,INDEPENDENT_SOURCE,2026-07-20
VR0045,CLM0045,REPORTED,TRAINEE_REPORT,2026-07-20
VR0046,CLM0046,SUPPORTED,INDEPENDENT_SOURCE,2026-07-20
VR0047,CLM0047,SUPPORTED,INDEPENDENT_SOURCE,2026-07-20
VR0048,CLM0048,SUPPORTED,INDEPENDENT_SOURCE,2026-07-20
VR0049,CLM0049,SUPPORTED,INDEPENDENT_SOURCE,2026-07-20
VR0050,CLM0050,REPORTED,TRAINEE_REPORT,2026-07-20
VR0051,CLM0051,SUPPORTED,INDEPENDENT_SOURCE,2026-07-20
VR0052,CLM0052,SUPPORTED,INDEPENDENT_SOURCE,2026-07-20
VR0053,CLM0053,SUPPORTED,INDEPENDENT_SOURCE,2026-07-20
VR0054,CLM0054,SUPPORTED,INDEPENDENT_SOURCE,2026-07-20
VR0055,CLM0055,REPORTED,TRAINEE_REPORT,2026-07-20
VR0056,CLM0056,SUPPORTED,INDEPENDENT_SOURCE,2026-07-20
VR0057,CLM0057,SUPPORTED,INDEPENDENT_SOURCE,2026-07-20
VR0058,CLM0058,SUPPORTED,INDEPENDENT_SOURCE,2026-07-20
VR0059,CLM0059,SUPPORTED,INDEPENDENT_SOURCE,2026-07-20
VR0060,CLM0060,REPORTED,TRAINEE_REPORT,2026-07-20
VR0061,CLM0061,SUPPORTED,INDEPENDENT_SOURCE,2026-07-20
VR0062,CLM0062,SUPPORTED,INDEPENDENT_SOURCE,2026-07-20
VR0063,CLM0063,SUPPORTED,INDEPENDENT_SOURCE,2026-07-20
VR0064,CLM0064,SUPPORTED,INDEPENDENT_SOURCE,2026-07-20
VR0065,CLM0065,REPORTED,TRAINEE_REPORT,2026-07-20
VR0066,CLM0066,SUPPORTED,INDEPENDENT_SOURCE,2026-07-20
VR0067,CLM0067,SUPPORTED,INDEPENDENT_SOURCE,2026-07-20
VR0068,CLM0068,SUPPORTED,INDEPENDENT_SOURCE,2026-07-20
VR0069,CLM0069,SUPPORTED,INDEPENDENT_SOURCE,2026-07-20
VR0070,CLM0070,REPORTED,TRAINEE_REPORT,2026-07-20
VR0071,CLM0071,SUPPORTED,INDEPENDENT_SOURCE,2026-07-20
VR0072,CLM0072,SUPPORTED,INDEPENDENT_SOURCE,2026-07-20
VR0073,CLM0073,SUPPORTED,INDEPENDENT_SOURCE,2026-07-20
VR0074,CLM0074,SUPPORTED,INDEPENDENT_SOURCE,2026-07-20
VR0075,CLM0075,REPORTED,TRAINEE_REPORT,2026-07-20
VR0076,CLM0076,SUPPORTED,INDEPENDENT_SOURCE,2026-07-20
VR0077,CLM0077,SUPPORTED,INDEPENDENT_SOURCE,2026-07-20
VR0078,CLM0078,SUPPORTED,INDEPENDENT_SOURCE,2026-07-20
VR0079,CLM0079,SUPPORTED,INDEPENDENT_SOURCE,2026-07-20
VR0080,CLM0080,REPORTED,TRAINEE_REPORT,2026-07-20
VR0081,CLM0081,SUPPORTED,INDEPENDENT_SOURCE,2026-07-20
VR0082,CLM0082,SUPPORTED,INDEPENDENT_SOURCE,2026-07-20
VR0083,CLM0083,SUPPORTED,INDEPENDENT_SOURCE,2026-07-20
VR0084,CLM0084,SUPPORTED,INDEPENDENT_SOURCE,2026-07-20
VR0085,CLM0085,REPORTED,TRAINEE_REPORT,2026-07-20
VR0086,CLM0086,SUPPORTED,INDEPENDENT_SOURCE,2026-07-20
VR0087,CLM0087,SUPPORTED,INDEPENDENT_SOURCE,2026-07-20
VR0088,CLM0088,SUPPORTED,INDEPENDENT_SOURCE,2026-07-20
VR0089,CLM0089,SUPPORTED,INDEPENDENT_SOURCE,2026-07-20
VR0090,CLM0090,REPORTED,TRAINEE_REPORT,2026-07-20
VR0091,CLM0091,SUPPORTED,INDEPENDENT_SOURCE,2026-07-20
VR0092,CLM0092,SUPPORTED,INDEPENDENT_SOURCE,2026-07-20
VR0093,CLM0093,SUPPORTED,INDEPENDENT_SOURCE,2026-07-20
VR0094,CLM0094,SUPPORTED,INDEPENDENT_SOURCE,2026-07-20
VR0095,CLM0095,REPORTED,TRAINEE_REPORT,2026-07-20
VR0096,CLM0096,SUPPORTED,INDEPENDENT_SOURCE,2026-07-20
VR0097,CLM0097,SUPPORTED,INDEPENDENT_SOURCE,2026-07-20
VR0098,CLM0098,SUPPORTED,INDEPENDENT_SOURCE,2026-07-20
VR0099,CLM0099,SUPPORTED,INDEPENDENT_SOURCE,2026-07-20
VR0100,CLM0100,REPORTED,TRAINEE_REPORT,2026-07-20
VR0101,CLM0011,CORROBORATED,MULTI_SOURCE,2026-09-01
VR0102,CLM0012,CORROBORATED,MULTI_SOURCE,2026-11-01
VR0103,CLM0004,CORROBORATED,MULTI_SOURCE,2026-12-01
VR0104,CLM0013,SUPPORTED,INDEPENDENT_SOURCE,2026-10-01