wage_id,trainee_id,employment_id,wage_band,effective_from,effective_to,data_source,verification_status
WAG0001,KT0001,EMP0001,15K-20K,2026-04-15,,AUTHORIZED_SOURCE,VERIFIED
WAG0002,KT0002,EMP0002,20K-30K,2026-04-15,,USER_REPORTED,REPORTED
WAG0003,KT0003,EMP0003,>30K,2026-04-15,,AUTHORIZED_SOURCE,VERIFIED
WAG0004,KT0004,EMP0004,<10K,2026-04-15,,AUTHORIZED_SOURCE,VERIFIED
WAG0005,KT0005,EMP0005,10K-15K,2026-04-15,,AUTHORIZED_SOURCE,VERIFIED
WAG0006,KT0006,EMP0006,15K-20K,2026-04-15,,AUTHORIZED_SOURCE,VERIFIED
WAG0007,KT0007,EMP0007,20K-30K,2026-04-15,,AUTHORIZED_SOURCE,VERIFIED
WAG0008,KT0008,EMP0008,>30K,2026-04-15,,USER_REPORTED,REPORTED
WAG0009,KT0011,EMP0009,15K-20K,2026-04-15,,AUTHORIZED_SOURCE,VERIFIED
WAG0010,KT0012,EMP0010,20K-30K,2026-04-15,,AUTHORIZED_SOURCE,VERIFIED
WAG0011,KT0013,EMP0011,20K-30K,2026-04-15,2026-09-30,AUTHORIZED_SOURCE,VERIFIED
WAG0012,KT0017,EMP0012,20K-30K,2026-04-15,,AUTHORIZED_SOURCE,VERIFIED
WAG0013,KT0018,EMP0013,>30K,2026-04-15,,USER_REPORTED,REPORTED
WAG0014,KT0021,EMP0014,15K-20K,2026-04-15,,AUTHORIZED_SOURCE,VERIFIED
WAG0015,KT0022,EMP0015,20K-30K,2026-04-15,,AUTHORIZED_SOURCE,VERIFIED
WAG0016,KT0024,EMP0016,<10K,2026-04-15,,AUTHORIZED_SOURCE,VERIFIED
WAG0017,KT0028,EMP0017,>30K,2026-04-15,,AUTHORIZED_SOURCE,VERIFIED
WAG0018,KT0029,EMP0018,<10K,2026-04-15,,AUTHORIZED_SOURCE,VERIFIED
WAG0019,KT0031,EMP0019,15K-20K,2026-04-15,,AUTHORIZED_SOURCE,VERIFIED
WAG0020,KT0035,EMP0020,10K-15K,2026-04-15,,AUTHORIZED_SOURCE,VERIFIED
WAG0021,KT0036,EMP0021,15K-20K,2026-04-15,,AUTHORIZED_SOURCE,VERIFIED
WAG0022,KT0038,EMP0022,>30K,2026-04-15,,AUTHORIZED_SOURCE,VERIFIED
WAG0023,KT0042,EMP0023,20K-30K,2026-04-15,,AUTHORIZED_SOURCE,VERIFIED
WAG0024,KT0043,EMP0024,>30K,2026-04-15,,AUTHORIZED_SOURCE,VERIFIED
WAG0025,KT0045,EMP0025,10K-15K,2026-04-15,,AUTHORIZED_SOURCE,VERIFIED
WAG0026,KT0049,EMP0026,<10K,2026-04-15,,AUTHORIZED_SOURCE,VERIFIED
WAG0027,KT0050,EMP0027,10K-15K,2026-04-15,,AUTHORIZED_SOURCE,VERIFIED
WAG0028,KT0052,EMP0028,20K-30K,2026-04-15,,AUTHORIZED_SOURCE,VERIFIED
WAG0029,KT0056,EMP0029,15K-20K,2026-04-15,,AUTHORIZED_SOURCE,VERIFIED
WAG0030,KT0057,EMP0030,20K-30K,2026-04-15,,AUTHORIZED_SOURCE,VERIFIED
WAG0031,KT0059,EMP0031,<10K,2026-04-15,,AUTHORIZED_SOURCE,VERIFIED
WAG0032,KT0063,EMP0032,>30K,2026-04-15,,AUTHORIZED_SOURCE,VERIFIED
WAG0033,KT0064,EMP0033,<10K,2026-04-15,,AUTHORIZED_SOURCE,VERIFIED
WAG0034,KT0066,EMP0034,15K-20K,2026-04-15,,AUTHORIZED_SOURCE,VERIFIED
WAG0035,KT0070,EMP0035,10K-15K,2026-04-15,,AUTHORIZED_SOURCE,VERIFIED
WAG0036,KT0071,EMP0036,15K-20K,2026-04-15,,AUTHORIZED_SOURCE,VERIFIED
WAG0037,KT0073,EMP0037,>30K,2026-04-15,,AUTHORIZED_SOURCE,VERIFIED
WAG0038,KT0077,EMP0038,20K-30K,2026-04-15,,AUTHORIZED_SOURCE,VERIFIED
WAG0039,KT0078,EMP0039,>30K,2026-04-15,,AUTHORIZED_SOURCE,VERIFIED
WAG0040,KT0080,EMP0040,10K-15K,2026-04-15,,AUTHORIZED_SOURCE,VERIFIED
WAG0041,KT0084,EMP0041,<10K,2026-04-15,,AUTHORIZED_SOURCE,VERIFIED
WAG0042,KT0085,EMP0042,10K-15K,2026-04-15,,AUTHORIZED_SOURCE,VERIFIED
WAG0043,KT0087,EMP0043,20K-30K,2026-04-15,,AUTHORIZED_SOURCE,VERIFIED
WAG0044,KT0091,EMP0044,15K-20K,2026-04-15,,AUTHORIZED_SOURCE,VERIFIED
WAG0045,KT0092,EMP0045,20K-30K,2026-04-15,,AUTHORIZED_SOURCE,VERIFIED
WAG0046,KT0094,EMP0046,<10K,2026-04-15,,AUTHORIZED_SOURCE,VERIFIED
WAG0047,KT0098,EMP0047,>30K,2026-04-15,,AUTHORIZED_SOURCE,VERIFIED
WAG0048,KT0099,EMP0048,<10K,2026-04-15,,AUTHORIZED_SOURCE,VERIFIED
WAG0049,KT0013,EMP0011,>30K,2026-10-01,,AUTHORIZED_SOURCE,VERIFIED
WAG0050,KT0011,EMP0049,15K-20K,2026-09-01,,AUTHORIZED_SOURCE,VERIFIED
WAG0051,KT0012,EMP0051,20K-30K,2026-11-01,,AUTHORIZED_SOURCE,VERIFIED
WAG0052,KT0004,EMP0050,20K-30K,2026-12-01,,AUTHORIZED_SOURCE,VERIFIED